{"Fid":"dEDjZLa6SqygJJbQzg4zbs","Status":3,"AuthToken":"eyJhbGciOiJFUzI1NiIsInR5cCI6IkpXVCJ9.eyJhcHBJZCI6IjE6MTA3Mzk5OTc5NTM0OTphbmRyb2lkOmQwM2VmOGY0NjVjZDliMGM4NTc3OWMiLCJleHAiOjE3NzA0ODc4MzIsImZpZCI6ImRFRGpaTGE2U3F5Z0pKYlF6ZzR6YnMiLCJwcm9qZWN0TnVtYmVyIjoxMDczOTk5Nzk1MzQ5fQ.AB2LPV8wRAIgZX4yvW8XgsZP53D-6O-eYGI8w5RhLwYHBCgUu51s8PICIGhRG0IZ_qxen_aRNSiRPYmelYyiTl4jF2nK_9C7SL0h","RefreshToken":"3_AS3qfwLVzgkBLKFFlhifkn8ZBOoT7aXbC5g_UhD9q5s25lfI8H6DcCPhLOD3x7UXXFGGrvxMhoF-vymnGuAkMS4JsSoAQoejZE_3RaH3Hgt3yEg","TokenCreationEpochInSecs":1769883031,"ExpiresInSecs":604800}