{"Fid":"f89vcXkPR_mvKqkwH9HQUg","Status":3,"AuthToken":"eyJhbGciOiJFUzI1NiIsInR5cCI6IkpXVCJ9.eyJhcHBJZCI6IjE6MTAyMzEzMzcyODg5NDphbmRyb2lkOmI3OTc2MjlkZWZkZGFkNzgxOGQ4MmYiLCJleHAiOjE3NzA1MTg0MDMsImZpZCI6ImY4OXZjWGtQUl9tdktxa3dIOUhRVWciLCJwcm9qZWN0TnVtYmVyIjoxMDIzMTMzNzI4ODk0fQ.AB2LPV8wRgIhAIhG4rWSvPSfpquxDkugTB4JnyWvtCZ93pI5DtCQUBt1AiEAwZkLGDyDjeWje-UgC2iXOjba0jLvgh8047PY-hvbvFk","RefreshToken":"3_AS3qfwKiMXXwFNoB8LPAJC9v6BZ7jFBWlnyqIlAYi9a-wFLR601XFVDp4dqXLbfuDJlaESfhhQeNY37mRGgSe3ScivzxnUSykVZSeuGdHXsNtns","TokenCreationEpochInSecs":1769913602,"ExpiresInSecs":604800}