<?xml version='1.0' encoding='utf-8' standalone='yes' ?>
<map>
    <string name="prev_event_name">af_app_opened</string>
    <int name="AF_CACHE_VERSION" value="2" />
    <boolean name="didSendRevenueTriggerOnLastBackground" value="true" />
    <long name="prev_event_timestamp" value="1769883034932" />
    <int name="appsFlyerInAppEventCount" value="1" />
    <long name="prev_session_dur" value="4" />
    <boolean name="ddl_sent" value="true" />
    <long name="af_rc_max_age" value="86400" />
    <string name="sentSuccessfully">true</string>
    <int name="versionCode" value="11" />
    <string name="af_remote_config">eyJmZWF0dXJlcyI6e30sInZlciI6ImRlZmF1bHQudjEuMTYzNzE0OTUyOSJ9</string>
    <string name="savedProperties">{&quot;waitForCustomerId&quot;:&quot;false&quot;,&quot;logLevel&quot;:&quot;0&quot;,&quot;additionalCustomData&quot;:&quot;{\&quot;ta_account_id\&quot;:\&quot;\&quot;,\&quot;ta_distinct_id\&quot;:\&quot;75c1d317-93db-49e1-8b0a-eb627f31a5b5\&quot;}&quot;,&quot;AppUserId&quot;:&quot;75c1d317-93db-49e1-8b0a-eb627f31a5b5&quot;}</string>
    <string name="AF_INSTALLATION">1769883031369-1776137330804611318</string>
    <boolean name="afUninstallToken_queued" value="false" />
    <int name="appsFlyerCount" value="3" />
    <long name="af_rc_timestamp" value="1769883031579" />
    <long name="AppsFlyerTimePassedSincePrevLaunch" value="1769883042347" />
    <boolean name="newGPReferrerSent" value="true" />
    <string name="appsFlyerFirstInstall">2026-01-31_234031+0530</string>
    <string name="attributionId">{&quot;install_time&quot;:&quot;2026-01-31 18:10:35.456&quot;,&quot;af_message&quot;:&quot;organic install&quot;,&quot;af_status&quot;:&quot;Organic&quot;,&quot;is_first_launch&quot;:false}</string>
</map>
