<?xml version='1.0' encoding='utf-8' standalone='yes' ?>
<map>
    <long name="com.facebook.appevents.SessionInfo.sessionStartTime" value="1769883030922" />
    <long name="com.facebook.appevents.SessionInfo.sessionEndTime" value="1769883046295" />
    <boolean name="bg_startup_tracing" value="false" />
    <long name="com.applisto.appcloner.classes.cloneTimestamp" value="1769881659714" />
    <int name="com.applisto.appcloner.classes.originalInstallVersionCode" value="11" />
    <int name="com.facebook.appevents.SessionInfo.interruptionCount" value="1" />
    <string name="com.facebook.appevents.SessionInfo.sessionId">3e1cf506-bd5e-4179-a310-9bc236cd3efa</string>
</map>
