<?xml version='1.0' encoding='utf-8' standalone='yes' ?>
<map>
    <long name="first_open_time" value="1769913600585" />
    <string name="gmp_app_id">1:1023133728894:android:b797629defddad7818d82f</string>
    <string name="app_instance_id">442a5461f194819608e55445c912570f</string>
    <long name="session_id" value="1770035442" />
    <boolean name="app_backgrounded" value="true" />
    <long name="health_monitor:start" value="1770035441836" />
    <boolean name="use_service" value="true" />
    <boolean name="deferred_analytics_collection" value="false" />
    <string name="previous_os_version">10</string>
    <boolean name="has_been_opened" value="true" />
    <string name="health_monitor:value">2EC133005:Failed to send current screen to service</string>
    <boolean name="allow_remote_dynamite" value="true" />
    <long name="last_pause_time" value="1770035737224" />
    <boolean name="start_new_session" value="false" />
    <long name="health_monitor:count" value="51" />
</map>
