<?xml version='1.0' encoding='utf-8' standalone='yes' ?>
<map>
    <long name="first_open_time" value="1769883030572" />
    <string name="gmp_app_id">1:1073999795349:android:d03ef8f465cd9b0c85779c</string>
    <string name="app_instance_id">1ebdcbc024f05429361653ef4de6f9ee</string>
    <long name="session_id" value="1769883030" />
    <boolean name="app_backgrounded" value="true" />
    <long name="health_monitor:start" value="1769883030804" />
    <boolean name="use_service" value="true" />
    <boolean name="deferred_analytics_collection" value="false" />
    <string name="previous_os_version">10</string>
    <boolean name="has_been_opened" value="true" />
    <boolean name="allow_remote_dynamite" value="true" />
    <long name="last_pause_time" value="1769883046302" />
    <boolean name="start_new_session" value="false" />
</map>
