<?xml version='1.0' encoding='utf-8' standalone='yes' ?>
<map>
    <string name="PERSISTENT_LOGS_WRITING_FILE">0</string>
    <string name="jp_asset_manage">false</string>
    <string name="juspay_android_id">ced088cd-17e9-44ab-8b6a-e757ace80517</string>
    <string name="LOG_CHANNEL_NAMES">default</string>
    <string name="TEMP_LOGS_WRITING_FILE">0</string>
    <string name="PERSISTENT_LOGS_READING_FILE">0</string>
    <string name="jp_hash_and_status">{&quot;payments\/in.juspay.hyperapi\/v1-index_bundle.jsa&quot;:{&quot;status&quot;:&quot;loaded&quot;},&quot;payments\/in.juspay.ec\/v1-index_bundle.jsa&quot;:{&quot;status&quot;:&quot;loaded&quot;},&quot;payments\/in.juspay.upiintent\/v1-config.jsa&quot;:{&quot;status&quot;:&quot;loaded&quot;},&quot;payments\/in.juspay.upiintent\/v1-index_bundle.jsa&quot;:{&quot;status&quot;:&quot;loaded&quot;}}</string>
    <string name="PERSISTENT_LOGS_READING_FILEdefault">0</string>
    <string name="juspay_device_id">d59e8bc1-c4a5-4544-bf33-0f834a27d35a</string>
    <string name="LOGS_READING_FILE">0</string>
    <string name="TEMP_LOGS_READING_FILE">0</string>
    <string name="jos_download_list">{&quot;payments/in.juspay.upiintent/base.html&quot;:&quot;base.html&quot;,&quot;payments/in.juspay.ec/base.html&quot;:&quot;base.html&quot;,&quot;payments/in.juspay.hyperapi/base.html&quot;:&quot;base.html&quot;,&quot;payments/in.juspay.upiintent/v1-config.zip&quot;:&quot;https://assets.juspay.in/hyper/bundles/android/release/in.juspay.upiintent/2.0.0/common/2.0.151/v1-config.zip&quot;,&quot;v1-tracker.zip&quot;:&quot;https://assets.juspay.in/hyper/bundles/app/tracker/2.2.9/v1-tracker.zip&quot;,&quot;payments/in.juspay.godel/v1-boot_loader.zip&quot;:&quot;https://assets.juspay.in/hyper/bundles/release/in.juspay.godel/android/1.0rc2/common/1.0.1/v1-boot_loader.zip&quot;,&quot;payments/in.juspay.ec/v1-config.zip&quot;:&quot;https://assets.juspay.in/juspay/payments/in.juspay.ec/release/v1-config.zip&quot;,&quot;payments/in.juspay.godel/v1-config.zip&quot;:&quot;https://assets.juspay.in/hyper/bundles/config/in.juspay.godel/1.5.0/v1-config.zip&quot;,&quot;payments/in.juspay.godel/v1-acs.zip&quot;:&quot;https://assets.juspay.in/hyper/bundles/acs/in.juspay.godel/1.3.5/v1-acs.zip&quot;,&quot;payments/in.juspay.upiintent/v1-index_bundle.zip&quot;:&quot;https://assets.juspay.in/hyper/bundles/app/in.juspay.upiintent/5.3.26/android/v1-index_bundle.zip&quot;,&quot;payments/in.juspay.godel/v1-index_bundle.zip&quot;:&quot;https://assets.juspay.in/hyper/bundles/app/in.juspay.godel/1.8.1/android/v1-index_bundle.zip&quot;,&quot;payments/in.juspay.ec/v1-index_bundle.zip&quot;:&quot;https://assets.juspay.in/hyper/bundles/app/in.juspay.ec/4.3.26/android/v1-index_bundle.zip&quot;}</string>
    <string name="LOGS_WRITING_FILE">0</string>
    <string name="PERSISTENT_LOGS_WRITING_FILEdefault">0</string>
    <string name="jp_hyper_build_id">jus_2.2.4_1.0.4</string>
    <string name="asset_metadata.json">{&quot;config.json&quot;:{&quot;lastChecked&quot;:1769913644319,&quot;hashInDisk&quot;:&quot;db825e50066b8f79fd1538ec90d55740&quot;,&quot;zipHashInDisk&quot;:&quot;db825e50066b8f79fd1538ec90d55740&quot;},&quot;unified_config.json&quot;:{&quot;lastChecked&quot;:1769913644309,&quot;hashInDisk&quot;:&quot;09d28920095543fc471ce04633dcd05d&quot;,&quot;zipHashInDisk&quot;:&quot;09d28920095543fc471ce04633dcd05d&quot;},&quot;payments/in.juspay.ec/v1-config.jsa&quot;:{&quot;lastChecked&quot;:1769913644804,&quot;hashInDisk&quot;:&quot;ac0d44c5afa519f554bcf36920bacd76&quot;,&quot;zipHashInDisk&quot;:&quot;01ec08875f5d676ef172339e7d3f9b8f&quot;},&quot;sdk_config.json&quot;:{&quot;lastChecked&quot;:1769913644662,&quot;hashInDisk&quot;:&quot;b7d6191820f2ecd1a15643fa8c972700&quot;,&quot;zipHashInDisk&quot;:&quot;b7d6191820f2ecd1a15643fa8c972700&quot;},&quot;payments/in.juspay.upiintent/v1-config.jsa&quot;:{&quot;lastChecked&quot;:1769913644678,&quot;hashInDisk&quot;:&quot;95383a7e2f3d061845ce80c0ccd9b4fe&quot;,&quot;zipHashInDisk&quot;:&quot;e35465fdb90f3d87fb8a9b19ab2aed74&quot;},&quot;v1-tracker.jsa&quot;:{&quot;lastChecked&quot;:1769913644747,&quot;hashInDisk&quot;:&quot;d87288bc40eac2a474f7b992299f89a6&quot;,&quot;zipHashInDisk&quot;:&quot;c4223532dfd5df4b83cdf7946ded3503&quot;},&quot;payments/in.juspay.godel/v1-boot_loader.jsa&quot;:{&quot;lastChecked&quot;:1769913644788,&quot;hashInDisk&quot;:&quot;aeda8369b70dbd0a107ddd38f08738f5&quot;,&quot;zipHashInDisk&quot;:&quot;3b52f2f0d550507208f50689c5dff01f&quot;},&quot;payments/in.juspay.godel/v1-config.jsa&quot;:{&quot;lastChecked&quot;:1769913644815,&quot;hashInDisk&quot;:&quot;625c2f3afd30113a2eec6fc8dccce2b7&quot;,&quot;zipHashInDisk&quot;:&quot;fb8f2a0d9c4a9ea40a5f172a6a29a682&quot;},&quot;payments/in.juspay.godel/v1-acs.jsa&quot;:{&quot;lastChecked&quot;:1769913644848,&quot;hashInDisk&quot;:&quot;09eb39d5b071dc149c91b3dcc708c04c&quot;,&quot;zipHashInDisk&quot;:&quot;dfba1bb71eaad58a2564db7d8545e882&quot;},&quot;payments/in.juspay.upiintent/v1-index_bundle.jsa&quot;:{&quot;lastChecked&quot;:1769913644899,&quot;hashInDisk&quot;:&quot;1bae0238e4f101555d0ab072ca93901b&quot;,&quot;zipHashInDisk&quot;:&quot;17d61dc05f84289c327dbff0748e9df0&quot;},&quot;payments/in.juspay.godel/v1-index_bundle.jsa&quot;:{&quot;lastChecked&quot;:1769913644914,&quot;hashInDisk&quot;:&quot;f3ac65de17663fe8c387cb445701fd68&quot;,&quot;zipHashInDisk&quot;:&quot;49097bca5ee9b0604848bc17227b574f&quot;},&quot;payments/in.juspay.ec/v1-index_bundle.jsa&quot;:{&quot;lastChecked&quot;:1769913645044,&quot;hashInDisk&quot;:&quot;7bb0cd0e0eda445b16cbec2420bc8af0&quot;,&quot;zipHashInDisk&quot;:&quot;28beba21e3e8aa00eafd69aaa6525e06&quot;}}</string>
    <string name="patch_toss">{&quot;ts&quot;:1770035723126,&quot;toss&quot;:94}</string>
</map>
